{"filename": "proposal.docx", "metadata": {"created": "2025-06-20T11:58:31.168064", "modified": "2025-06-20T12:02:13.561489", "size": 27500}, "filetype": "DOCX", "content": "", "classification": "Finance > Clinical > Compliance", "text": "INVOICE / فاتورة\nDeveloper Name: Mohamed Salah Baraka\nPhone/Email: mosabaraka@gmail.com/+249960593348\nAddress: Kassala, Sudan\n\n\nClient Name: Mohammed AlGhazaly Ahmed FadAlla\nPhone/Email: +249 11 009 1193\n\n\nInvoice Number: 001\nDate: 6/14/2025\nDue Date: Paid\nProject: Al-Ghazal Mobile App Development\nContract Signed:6/14/2025\n\n\n\nSubtotal: 150,000 SDG\nTotal Due: 150,000 SDG\nAmount Paid: 150,000 SDG\nBalance: 0 SDG\nStatus: PAID\n\n\nNotes:\nThis payment covers the initial 50% of the total project cost (30", "predicted_label": "Business > Clinical > Compliance", "timestamp": "2025-06-20T12:02:13.561468"}
{"filename": "Invoice_AlGhazal_50Percent_Payment.docx", "metadata": {"created": "2025-06-20T12:02:01.767248", "modified": "2025-06-20T12:02:01.767250", "size": 27500}, "filetype": "DOCX", "content": "INVOICE / فاتورة\nDeveloper Name: Mohamed Salah Baraka\nPhone/Email: mosabaraka@gmail.com/+249960593348\nAddress: Kassala, Sudan\n\n\nClient Name: Mohammed AlGhazaly Ahmed FadAlla\nPhone/Email: +249 11 009 1193\n\n\nInvoice Number: 001\nDate: 6/14/2025\nDue Date: Paid\nProject: Al-Ghazal Mobile App Development\nContract Signed:6/14/2025\n\n\n\nSubtotal: 150,000 SDG\nTotal Due: 150,000 SDG\nAmount Paid: 150,000 SDG\nBalance: 0 SDG\nStatus: PAID\n\n\nNotes:\nThis payment covers the initial 50% of the total project cost (30", "classification": "Business > Clinical > Compliance"}
{"filename": "proposal.docx", "title": "مقترح شراكة تقنية لتوسعة منصة التوصيل", "text": "مقترح شراكة تقنية لتوسعة منصة التوصيل\nالسيد/ أحمد حميدة المحترم،\nتحية طيبة وبعد،\nبناءً على تعاوننا السابق ومناقشاتنا الأخيرة بشأن خططكم لتوسعة أعمال التوصيل، أود أن أقدم لكم هذا المقترح الرسمي للانضمام إلى المشروع كشريك تقني (المدير التقني - CTO) ومطور مسؤول عن تنفيذ وتوسعة المنصة التقنية بالكامل.\nرؤية المشروع\nيهدف التوسع المقترح إلى إنشاء منظومة متكاملة تشمل:\nنظام متجر داخلي\nلإدارة وبيع المنتجات من مخزون خاص أو مركزي.\nدعم لاحق لإنشاء مخزن مركزي لإمداد الفروع أو نقاط التوزيع.\nنظام طلبات المطاعم\n", "predicted_label": "Finance > Clinical > Compliance", "timestamp": "2025-06-20T12:05:01.726537", "metadata": {"created": "2025-06-20T12:05:01.726563", "modified": "2025-06-20T12:05:01.726564", "size": 17742}}
